{"epoch/loss": 552500.75, "epoch/accuracy": 0.692080020904541, "epoch/val_loss": 747407.6875, "epoch/val_accuracy": 0.5022000074386597, "epoch/epoch": 5, "epoch/learning_rate": 0.10000000149011612, "_timestamp": 1691340979.2913427, "_runtime": 1976.992645740509, "_step": 12}